<?xml version="1.0" encoding="UTF-8" standalone="no"?>
<?fileVersion 4.0.0?><cproject storage_type_id="org.eclipse.cdt.core.XmlProjectDescriptionStorage">
	<storageModule moduleId="org.eclipse.cdt.core.settings">
		<cconfiguration id="cdt.managedbuild.config.gnu.exe.debug.1260914921">
			<storageModule buildSystemId="org.eclipse.cdt.managedbuilder.core.configurationDataProvider" id="cdt.managedbuild.config.gnu.exe.debug.1260914921" moduleId="org.eclipse.cdt.core.settings" name="Debug">
				<externalSettings/>
				<extensions>
					<extension id="org.eclipse.cdt.core.GNU_ELF" point="org.eclipse.cdt.core.BinaryParser"/>
					<extension id="org.eclipse.cdt.core.GASErrorParser" point="org.eclipse.cdt.core.ErrorParser"/>
					<extension id="org.eclipse.cdt.core.GmakeErrorParser" point="org.eclipse.cdt.core.ErrorParser"/>
					<extension id="org.eclipse.cdt.core.GLDErrorParser" point="org.eclipse.cdt.core.ErrorParser"/>
					<extension id="org.eclipse.cdt.core.CWDLocator" point="org.eclipse.cdt.core.ErrorParser"/>
					<extension id="org.eclipse.cdt.core.GCCErrorParser" point="org.eclipse.cdt.core.ErrorParser"/>
				</extensions>
			</storageModule>
			<storageModule moduleId="cdtBuildSystem" version="4.0.0">
				<configuration artifactName="${ProjName}" buildArtefactType="org.eclipse.cdt.build.core.buildArtefactType.exe" buildProperties="org.eclipse.cdt.build.core.buildArtefactType=org.eclipse.cdt.build.core.buildArtefactType.exe,org.eclipse.cdt.build.core.buildType=org.eclipse.cdt.build.core.buildType.debug" cleanCommand="rm -rf" description="" id="cdt.managedbuild.config.gnu.exe.debug.1260914921" name="Debug" optionalBuildProperties="org.eclipse.cdt.docker.launcher.containerbuild.property.selectedvolumes=,org.eclipse.cdt.docker.launcher.containerbuild.property.volumes=" parent="cdt.managedbuild.config.gnu.exe.debug">
					<folderInfo id="cdt.managedbuild.config.gnu.exe.debug.1260914921." name="/" resourcePath="">
						<toolChain id="cdt.managedbuild.toolchain.gnu.exe.debug.1581117417" name="Linux GCC" superClass="cdt.managedbuild.toolchain.gnu.exe.debug">
							<targetPlatform id="cdt.managedbuild.target.gnu.platform.exe.debug.1617043966" name="Debug Platform" superClass="cdt.managedbuild.target.gnu.platform.exe.debug"/>
							<builder buildPath="${workspace_loc:/image5}/Debug" id="cdt.managedbuild.target.gnu.builder.exe.debug.1655751335" keepEnvironmentInBuildfile="false" managedBuildOn="true" name="Gnu Make Builder" superClass="cdt.managedbuild.target.gnu.builder.exe.debug"/>
							<tool id="cdt.managedbuild.tool.gnu.archiver.base.241717427" name="GCC Archiver" superClass="cdt.managedbuild.tool.gnu.archiver.base"/>
							<tool id="cdt.managedbuild.tool.gnu.cpp.compiler.exe.debug.580916697" name="GCC C++ Compiler" superClass="cdt.managedbuild.tool.gnu.cpp.compiler.exe.debug">
								<option id="gnu.cpp.compiler.exe.debug.option.optimization.level.289167642" name="Optimization Level" superClass="gnu.cpp.compiler.exe.debug.option.optimization.level" useByScannerDiscovery="false" value="gnu.cpp.compiler.optimization.level.none" valueType="enumerated"/>
								<option defaultValue="gnu.cpp.compiler.debugging.level.max" id="gnu.cpp.compiler.exe.debug.option.debugging.level.1466374491" name="Debug Level" superClass="gnu.cpp.compiler.exe.debug.option.debugging.level" useByScannerDiscovery="false" valueType="enumerated"/>
							</tool>
							<tool id="cdt.managedbuild.tool.gnu.c.compiler.exe.debug.1750679126" name="GCC C Compiler" superClass="cdt.managedbuild.tool.gnu.c.compiler.exe.debug">
								<option defaultValue="gnu.c.optimization.level.none" id="gnu.c.compiler.exe.debug.option.optimization.level.1203455278" name="Optimization Level" superClass="gnu.c.compiler.exe.debug.option.optimization.level" useByScannerDiscovery="false" valueType="enumerated"/>
								<option defaultValue="gnu.c.debugging.level.max" id="gnu.c.compiler.exe.debug.option.debugging.level.1366214839" name="Debug Level" superClass="gnu.c.compiler.exe.debug.option.debugging.level" useByScannerDiscovery="false" valueType="enumerated"/>
								<option IS_BUILTIN_EMPTY="false" IS_VALUE_EMPTY="false" id="gnu.c.compiler.option.include.paths.2009113624" name="Include paths (-I)" superClass="gnu.c.compiler.option.include.paths" useByScannerDiscovery="false" valueType="includePath">
									<listOptionValue builtIn="false" value="/usr/local/include"/>
									<listOptionValue builtIn="false" value="/usr/include/mpich"/>
									<listOptionValue builtIn="false" value="/usr/include"/>
								</option>
								<inputType id="cdt.managedbuild.tool.gnu.c.compiler.input.1494276440" superClass="cdt.managedbuild.tool.gnu.c.compiler.input"/>
							</tool>
							<tool id="cdt.managedbuild.tool.gnu.c.linker.exe.debug.1426810265" name="GCC C Linker" superClass="cdt.managedbuild.tool.gnu.c.linker.exe.debug">
								<option IS_BUILTIN_EMPTY="false" IS_VALUE_EMPTY="false" id="gnu.c.link.option.paths.1580943680" name="Library search path (-L)" superClass="gnu.c.link.option.paths" valueType="libPaths">
									<listOptionValue builtIn="false" value="/usr/local/lib"/>
									<listOptionValue builtIn="false" value="/usr/lib/mpich/lib"/>
								</option>
								<option IS_BUILTIN_EMPTY="false" IS_VALUE_EMPTY="false" id="gnu.c.link.option.libs.1698023345" name="Libraries (-l)" superClass="gnu.c.link.option.libs" valueType="libs">
									<listOptionValue builtIn="false" srcPrefixMapping="" srcRootPath="" value="png"/>
									<listOptionValue builtIn="false" srcPrefixMapping="" srcRootPath="" value="mpi"/>
									<listOptionValue builtIn="false" srcPrefixMapping="" srcRootPath="" value="m"/>
								</option>
								<inputType id="cdt.managedbuild.tool.gnu.c.linker.input.17151718" superClass="cdt.managedbuild.tool.gnu.c.linker.input">
									<additionalInput kind="additionalinputdependency" paths="$(USER_OBJS)"/>
									<additionalInput kind="additionalinput" paths="$(LIBS)"/>
								</inputType>
							</tool>
							<tool id="cdt.managedbuild.tool.gnu.cpp.linker.exe.debug.2135385427" name="GCC C++ Linker" superClass="cdt.managedbuild.tool.gnu.cpp.linker.exe.debug"/>
							<tool id="cdt.managedbuild.tool.gnu.assembler.exe.debug.478557212" name="GCC Assembler" superClass="cdt.managedbuild.tool.gnu.assembler.exe.debug">
								<option IS_BUILTIN_EMPTY="false" IS_VALUE_EMPTY="false" id="gnu.both.asm.option.include.paths.1162821039" name="Include paths (-I)" superClass="gnu.both.asm.option.include.paths" valueType="includePath">
									<listOptionValue builtIn="false" value="/usr/local/include"/>
									<listOptionValue builtIn="false" value="/usr/include/mpich"/>
									<listOptionValue builtIn="false" value="/usr/include"/>
								</option>
								<inputType id="cdt.managedbuild.tool.gnu.assembler.input.1293399301" superClass="cdt.managedbuild.tool.gnu.assembler.input"/>
							</tool>
						</toolChain>
					</folderInfo>
				</configuration>
			</storageModule>
			<storageModule moduleId="org.eclipse.cdt.core.externalSettings"/>
		</cconfiguration>
		<cconfiguration id="cdt.managedbuild.config.gnu.exe.release.1634913584">
			<storageModule buildSystemId="org.eclipse.cdt.managedbuilder.core.configurationDataProvider" id="cdt.managedbuild.config.gnu.exe.release.1634913584" moduleId="org.eclipse.cdt.core.settings" name="Release">
				<externalSettings/>
				<extensions>
					<extension id="org.eclipse.cdt.core.GNU_ELF" point="org.eclipse.cdt.core.BinaryParser"/>
					<extension id="org.eclipse.cdt.core.GASErrorParser" point="org.eclipse.cdt.core.ErrorParser"/>
					<extension id="org.eclipse.cdt.core.GmakeErrorParser" point="org.eclipse.cdt.core.ErrorParser"/>
					<extension id="org.eclipse.cdt.core.GLDErrorParser" point="org.eclipse.cdt.core.ErrorParser"/>
					<extension id="org.eclipse.cdt.core.CWDLocator" point="org.eclipse.cdt.core.ErrorParser"/>
					<extension id="org.eclipse.cdt.core.GCCErrorParser" point="org.eclipse.cdt.core.ErrorParser"/>
				</extensions>
			</storageModule>
			<storageModule moduleId="cdtBuildSystem" version="4.0.0">
				<configuration artifactName="${ProjName}" buildArtefactType="org.eclipse.cdt.build.core.buildArtefactType.exe" buildProperties="org.eclipse.cdt.build.core.buildArtefactType=org.eclipse.cdt.build.core.buildArtefactType.exe,org.eclipse.cdt.build.core.buildType=org.eclipse.cdt.build.core.buildType.release" cleanCommand="rm -rf" description="" id="cdt.managedbuild.config.gnu.exe.release.1634913584" name="Release" optionalBuildProperties="" parent="cdt.managedbuild.config.gnu.exe.release">
					<folderInfo id="cdt.managedbuild.config.gnu.exe.release.1634913584." name="/" resourcePath="">
						<toolChain id="cdt.managedbuild.toolchain.gnu.exe.release.1108823073" name="Linux GCC" superClass="cdt.managedbuild.toolchain.gnu.exe.release">
							<targetPlatform id="cdt.managedbuild.target.gnu.platform.exe.release.1489301943" name="Debug Platform" superClass="cdt.managedbuild.target.gnu.platform.exe.release"/>
							<builder buildPath="${workspace_loc:/image5}/Release" id="cdt.managedbuild.target.gnu.builder.exe.release.1038087465" keepEnvironmentInBuildfile="false" managedBuildOn="true" name="Gnu Make Builder" superClass="cdt.managedbuild.target.gnu.builder.exe.release"/>
							<tool id="cdt.managedbuild.tool.gnu.archiver.base.1652332175" name="GCC Archiver" superClass="cdt.managedbuild.tool.gnu.archiver.base"/>
							<tool id="cdt.managedbuild.tool.gnu.cpp.compiler.exe.release.114209050" name="GCC C++ Compiler" superClass="cdt.managedbuild.tool.gnu.cpp.compiler.exe.release">
								<option id="gnu.cpp.compiler.exe.release.option.optimization.level.842513573" name="Optimization Level" superClass="gnu.cpp.compiler.exe.release.option.optimization.level" useByScannerDiscovery="false" value="gnu.cpp.compiler.optimization.level.most" valueType="enumerated"/>
								<option defaultValue="gnu.cpp.compiler.debugging.level.none" id="gnu.cpp.compiler.exe.release.option.debugging.level.1037486966" name="Debug Level" superClass="gnu.cpp.compiler.exe.release.option.debugging.level" useByScannerDiscovery="false" valueType="enumerated"/>
							</tool>
							<tool id="cdt.managedbuild.tool.gnu.c.compiler.exe.release.1234833115" name="GCC C Compiler" superClass="cdt.managedbuild.tool.gnu.c.compiler.exe.release">
								<option defaultValue="gnu.c.optimization.level.most" id="gnu.c.compiler.exe.release.option.optimization.level.36937787" name="Optimization Level" superClass="gnu.c.compiler.exe.release.option.optimization.level" useByScannerDiscovery="false" valueType="enumerated"/>
								<option defaultValue="gnu.c.debugging.level.none" id="gnu.c.compiler.exe.release.option.debugging.level.715714534" name="Debug Level" superClass="gnu.c.compiler.exe.release.option.debugging.level" useByScannerDiscovery="false" valueType="enumerated"/>
								<option IS_BUILTIN_EMPTY="false" IS_VALUE_EMPTY="false" id="gnu.c.compiler.option.include.paths.1609986249" name="Include paths (-I)" superClass="gnu.c.compiler.option.include.paths" useByScannerDiscovery="false" valueType="includePath">
									<listOptionValue builtIn="false" value="/usr/local/include"/>
									<listOptionValue builtIn="false" value="/usr/include/mpich"/>
									<listOptionValue builtIn="false" value="/usr/include"/>
								</option>
								<inputType id="cdt.managedbuild.tool.gnu.c.compiler.input.1985826981" superClass="cdt.managedbuild.tool.gnu.c.compiler.input"/>
							</tool>
							<tool id="cdt.managedbuild.tool.gnu.c.linker.exe.release.1166817396" name="GCC C Linker" superClass="cdt.managedbuild.tool.gnu.c.linker.exe.release">
								<option IS_BUILTIN_EMPTY="false" IS_VALUE_EMPTY="false" id="gnu.c.link.option.libs.720907203" name="Libraries (-l)" superClass="gnu.c.link.option.libs" valueType="libs">
									<listOptionValue builtIn="false" srcPrefixMapping="" srcRootPath="" value="png"/>
									<listOptionValue builtIn="false" srcPrefixMapping="" srcRootPath="" value="mpi"/>
									<listOptionValue builtIn="false" srcPrefixMapping="" srcRootPath="" value="math"/>
								</option>
								<option IS_BUILTIN_EMPTY="false" IS_VALUE_EMPTY="false" id="gnu.c.link.option.paths.630003174" name="Library search path (-L)" superClass="gnu.c.link.option.paths" valueType="libPaths">
									<listOptionValue builtIn="false" value="/usr/lib/mpich/lib"/>
									<listOptionValue builtIn="false" value="/usr/lib32"/>
								</option>
								<inputType id="cdt.managedbuild.tool.gnu.c.linker.input.1155027360" superClass="cdt.managedbuild.tool.gnu.c.linker.input">
									<additionalInput kind="additionalinputdependency" paths="$(USER_OBJS)"/>
									<additionalInput kind="additionalinput" paths="$(LIBS)"/>
								</inputType>
							</tool>
							<tool id="cdt.managedbuild.tool.gnu.cpp.linker.exe.release.2024163890" name="GCC C++ Linker" superClass="cdt.managedbuild.tool.gnu.cpp.linker.exe.release"/>
							<tool id="cdt.managedbuild.tool.gnu.assembler.exe.release.561289539" name="GCC Assembler" superClass="cdt.managedbuild.tool.gnu.assembler.exe.release">
								<option IS_BUILTIN_EMPTY="false" IS_VALUE_EMPTY="false" id="gnu.both.asm.option.include.paths.1917943094" name="Include paths (-I)" superClass="gnu.both.asm.option.include.paths" valueType="includePath">
									<listOptionValue builtIn="false" value="/usr/local/include"/>
									<listOptionValue builtIn="false" value="/usr/include/mpich"/>
									<listOptionValue builtIn="false" value="/usr/include"/>
								</option>
								<inputType id="cdt.managedbuild.tool.gnu.assembler.input.1369432498" superClass="cdt.managedbuild.tool.gnu.assembler.input"/>
							</tool>
						</toolChain>
					</folderInfo>
				</configuration>
			</storageModule>
			<storageModule moduleId="org.eclipse.cdt.core.externalSettings"/>
		</cconfiguration>
	</storageModule>
	<storageModule moduleId="cdtBuildSystem" version="4.0.0">
		<project id="image5.cdt.managedbuild.target.gnu.exe.1737141828" name="Executable" projectType="cdt.managedbuild.target.gnu.exe"/>
	</storageModule>
	<storageModule moduleId="scannerConfiguration">
		<autodiscovery enabled="true" problemReportingEnabled="true" selectedProfileId=""/>
		<scannerConfigBuildInfo instanceId="cdt.managedbuild.config.gnu.exe.debug.1260914921;cdt.managedbuild.config.gnu.exe.debug.1260914921.;cdt.managedbuild.tool.gnu.c.compiler.exe.debug.1750679126;cdt.managedbuild.tool.gnu.c.compiler.input.1494276440">
			<autodiscovery enabled="true" problemReportingEnabled="true" selectedProfileId=""/>
		</scannerConfigBuildInfo>
		<scannerConfigBuildInfo instanceId="cdt.managedbuild.config.gnu.exe.release.1634913584;cdt.managedbuild.config.gnu.exe.release.1634913584.;cdt.managedbuild.tool.gnu.c.compiler.exe.release.1234833115;cdt.managedbuild.tool.gnu.c.compiler.input.1985826981">
			<autodiscovery enabled="true" problemReportingEnabled="true" selectedProfileId=""/>
		</scannerConfigBuildInfo>
	</storageModule>
	<storageModule moduleId="org.eclipse.cdt.core.LanguageSettingsProviders"/>
	<storageModule moduleId="org.eclipse.cdt.internal.ui.text.commentOwnerProjectMappings"/>
	<storageModule moduleId="org.eclipse.cdt.make.core.buildtargets"/>
</cproject>
